model,epoch,train_loss,train_accuracy,val_loss,val_accuracy
TwoLayerCNN,1,1.7557,36.34,1.5332,44.09
TwoLayerCNN,2,1.4579,47.80,1.3783,50.34
TwoLayerCNN,3,1.3526,52.04,1.3073,53.35
TwoLayerCNN,4,1.2661,55.03,1.2272,56.65
TwoLayerCNN,5,1.2099,57.41,1.1735,58.89
TwoLayerCNN,6,1.1547,59.62,1.1407,60.55
TwoLayerCNN,7,1.1076,61.16,1.0962,61.60
TwoLayerCNN,8,1.0728,62.27,1.0559,63.70
TwoLayerCNN,9,1.0377,63.93,1.0261,64.28
TwoLayerCNN,10,1.0096,65.24,1.0236,64.52
TwoLayerCNN,11,0.9816,65.98,1.0042,64.73
TwoLayerCNN,12,0.9554,67.00,0.9542,67.20
TwoLayerCNN,13,0.9395,67.18,0.9306,67.64
TwoLayerCNN,14,0.9164,68.13,0.9254,67.54
TwoLayerCNN,15,0.9013,69.01,0.9155,68.68
TwoLayerCNN,16,0.8878,69.35,0.8806,69.42
TwoLayerCNN,17,0.8715,69.79,0.8856,69.16
TwoLayerCNN,18,0.8617,70.28,0.8616,70.17
TwoLayerCNN,19,0.8541,70.46,0.9143,68.04
TwoLayerCNN,20,0.8426,70.87,0.8540,70.31
TwoLayerCNN,21,0.7893,72.72,0.8142,71.67
TwoLayerCNN,22,0.7746,73.25,0.8039,72.06
TwoLayerCNN,23,0.7785,73.16,0.7995,72.72
TwoLayerCNN,24,0.7759,73.27,0.8076,72.09
TwoLayerCNN,25,0.7728,73.48,0.8033,72.08
TwoLayerCNN,26,0.7758,73.33,0.8044,72.41
TwoLayerCNN,27,0.7684,73.48,0.7965,72.49
TwoLayerCNN,28,0.7617,73.92,0.7999,72.51
TwoLayerCNN,29,0.7663,73.60,0.7986,72.49
TwoLayerCNN,30,0.7656,73.47,0.7930,72.60
